"DESCRIPTION","DURATION IN MS","NAME","PARENT SUITE","START TIME","STATUS","STOP TIME","SUB SUITE","SUITE","TEST CLASS","TEST METHOD"
"","1307","Проверка работы календаря","pixel5","2026-10-01","passed","2026-10-01","Календари / Date Picker","hw-10/tests/calendar.spec.js","",""
"","2146","Задание 3: Проверка корзины после добавления товара","webkit","2026-10-01","passed","2026-10-01","hw-13","hw-13/tests/checkout.spec.js","",""
"","504","Задание 2: Тест логина для пользователя 01-10-2026","pixel5","2026-10-01","passed","2026-10-01","hw-13","hw-13/tests/login_ddt.spec.js","",""
"","1461","login saudemo","webkit","2026-10-01","passed","2026-10-01","Задача 1. Базовый Page Object and Задача 2. Компонентный подход","hw-12/tests/login_pom.spec.js","",""
"","3985","Проверка работы ожиданий","pixel5","2026-10-01","passed","2026-10-01","Задача 2. Искусство исчезновения","hw-11/tests/disappear.spec.js","",""
"","3935","Проверка работы iframe","firefox","2026-10-01","passed","2026-10-01","Внедрение в iFrame","hw-10/tests/iframe.spec.js","",""
"","15877","Проверка работы ожиданий","pixel5","2026-10-01","passed","2026-10-01","Задача 1. Кастомные таймауты","hw-11/tests/waits.spec.js","",""
"","1261","Задание 1: Тест логина для пользователя: locked_out_user","webkit","2026-10-01","passed","2026-10-01","hw-13","hw-13/tests/login_ddt.spec.js","",""
"","2126","has title","firefox","2026-10-01","passed","2026-10-01","DemoQA","hw-09/tests/navigation.spec.js","",""
"","2347","Проверка содержимого строки","webkit","2026-10-01","passed","2026-10-01","Охота в Web-таблицах","hw-10/tests/tables.spec.js","",""
"","572","Проверка содержимого строки","firefox","2026-10-01","passed","2026-10-01","Охота в Web-таблицах","hw-10/tests/tables.spec.js","",""
"","825","Задание 1: Тест логина для пользователя:","firefox","2026-10-01","passed","2026-10-01","hw-13","hw-13/tests/login_ddt.spec.js","",""
"","6928","модальные окна","firefox","2026-10-01","passed","2026-10-01","Задача 3. Работа со сложным UI","hw-12/tests/popup_test.spec.js","",""
"","3045","with fixtures","firefox","2026-10-01","passed","2026-10-01","","hw-12/tests/login_fixtures.spec.js","",""
"","2958","Проверка работы iframe","pixel5","2026-10-01","passed","2026-10-01","Внедрение в iFrame","hw-10/tests/iframe.spec.js","",""
"","2751","Логин с неверным паролем","firefox","2026-10-01","passed","2026-10-01","Работа с saucedemo","hw-09/tests/auth.spec.js","",""
"","542","Задание 1: Тест логина для пользователя: locked_out_user","pixel5","2026-10-01","passed","2026-10-01","hw-13","hw-13/tests/login_ddt.spec.js","",""
"","4560","Логин с неверным паролем","webkit","2026-10-01","passed","2026-10-01","Работа с saucedemo","hw-09/tests/auth.spec.js","",""
"","2900","Логин с успешным результатом","firefox","2026-10-01","passed","2026-10-01","Работа с saucedemo","hw-09/tests/auth.spec.js","",""
"","16148","Проверка работы ожиданий","firefox","2026-10-01","passed","2026-10-01","Задача 1. Кастомные таймауты","hw-11/tests/waits.spec.js","",""
"","735","Логин с неверным паролем","chromium","2026-10-01","passed","2026-10-01","Работа с saucedemo","hw-09/tests/auth.spec.js","",""
"","2237","add to cart saudemo","webkit","2026-10-01","passed","2026-10-01","Задача 1. Базовый Page Object and Задача 2. Компонентный подход","hw-12/tests/login_pom.spec.js","",""
"","720","Проверка работы Shadow DOM","firefox","2026-10-01","passed","2026-10-01","Пробиваем Shadow DOM","hw-10/tests/shadow.spec.js","",""
"","1750","has title","chromium","2026-10-01","passed","2026-10-01","DemoQA","hw-09/tests/navigation.spec.js","",""
"","9341","Проверка работы iframe","webkit","2026-10-01","passed","2026-10-01","Внедрение в iFrame","hw-10/tests/iframe.spec.js","",""
"","1976","with fixtures","webkit","2026-10-01","passed","2026-10-01","","hw-12/tests/login_fixtures.spec.js","",""
"","2","Задание 2: Проверка функции getFormattedDate()","firefox","2026-10-01","passed","2026-10-01","hw-13","hw-13/tests/login_ddt.spec.js","",""
"","2050","Проверка выбора чекбоксов","pixel5","2026-10-01","passed","2026-10-01","DemoQA","hw-09/tests/navigation.spec.js","",""
"","4044","Проверка работы ожиданий","firefox","2026-10-01","passed","2026-10-01","Задача 2. Искусство исчезновения","hw-11/tests/disappear.spec.js","",""
"","682","Задание 3: Проверка корзины после добавления товара","chromium","2026-10-01","passed","2026-10-01","hw-13","hw-13/tests/checkout.spec.js","",""
"","2410","login saudemo","firefox","2026-10-01","passed","2026-10-01","Задача 1. Базовый Page Object and Задача 2. Компонентный подход","hw-12/tests/login_pom.spec.js","",""
"","464","Задание 1: Тест логина для пользователя: standard_user","chromium","2026-10-01","passed","2026-10-01","hw-13","hw-13/tests/login_ddt.spec.js","",""
"","1900","модальные окна","pixel5","2026-10-01","passed","2026-10-01","Задача 3. Работа со сложным UI","hw-12/tests/popup_test.spec.js","",""
"","1509","Задание 1: Тест логина для пользователя: standard_user","webkit","2026-10-01","passed","2026-10-01","hw-13","hw-13/tests/login_ddt.spec.js","",""
"","3884","Проверка работы ожиданий","chromium","2026-10-01","passed","2026-10-01","Задача 2. Искусство исчезновения","hw-11/tests/disappear.spec.js","",""
"","2929","Задание 3: Проверка корзины после добавления товара","firefox","2026-10-01","passed","2026-10-01","hw-13","hw-13/tests/checkout.spec.js","",""
"","450","Задание 2: Тест логина для пользователя 01-10-2026","chromium","2026-10-01","passed","2026-10-01","hw-13","hw-13/tests/login_ddt.spec.js","",""
"","485","Задание 1: Тест логина для пользователя:","pixel5","2026-10-01","passed","2026-10-01","hw-13","hw-13/tests/login_ddt.spec.js","",""
"","783","Логин с неверным паролем","pixel5","2026-10-01","passed","2026-10-01","Работа с saucedemo","hw-09/tests/auth.spec.js","",""
"","6316","Проверка выбора чекбоксов","webkit","2026-10-01","passed","2026-10-01","DemoQA","hw-09/tests/navigation.spec.js","",""
"","743","Задание 1: Тест логина для пользователя: standard_user","pixel5","2026-10-01","passed","2026-10-01","hw-13","hw-13/tests/login_ddt.spec.js","",""
"","7804","Проверка работы радио-баттона","firefox","2026-10-01","passed","2026-10-01","Радио-баттоны и классические Dropdown","hw-10/tests/complex.spec.js","",""
"","1678","has title","pixel5","2026-10-01","passed","2026-10-01","DemoQA","hw-09/tests/navigation.spec.js","",""
"","2992","Проверка работы радио-баттона","webkit","2026-10-01","passed","2026-10-01","Радио-баттоны и классические Dropdown","hw-10/tests/complex.spec.js","",""
"","4828","Логин с успешным результатом","webkit","2026-10-01","passed","2026-10-01","Работа с saucedemo","hw-09/tests/auth.spec.js","",""
"","712","Проверка содержимого строки","chromium","2026-10-01","passed","2026-10-01","Охота в Web-таблицах","hw-10/tests/tables.spec.js","",""
"","741","Проверка работы Shadow DOM","chromium","2026-10-01","passed","2026-10-01","Пробиваем Shadow DOM","hw-10/tests/shadow.spec.js","",""
"","1254","Задание 2: Тест логина для пользователя 01-10-2026","webkit","2026-10-01","passed","2026-10-01","hw-13","hw-13/tests/login_ddt.spec.js","",""
"","861","Логин с успешным результатом","pixel5","2026-10-01","passed","2026-10-01","Работа с saucedemo","hw-09/tests/auth.spec.js","",""
"","1","Задание 2: Проверка функции getFormattedDate()","chromium","2026-10-01","passed","2026-10-01","hw-13","hw-13/tests/login_ddt.spec.js","",""
"","693","Задание 3: Проверка корзины после добавления товара","pixel5","2026-10-01","passed","2026-10-01","hw-13","hw-13/tests/checkout.spec.js","",""
"","856","Задание 1: Тест логина для пользователя: standard_user","firefox","2026-10-01","passed","2026-10-01","hw-13","hw-13/tests/login_ddt.spec.js","",""
"","5833","Проверка работы ожиданий","webkit","2026-10-01","passed","2026-10-01","Задача 2. Искусство исчезновения","hw-11/tests/disappear.spec.js","",""
"","16579","Проверка работы ожиданий","webkit","2026-10-01","passed","2026-10-01","Задача 1. Кастомные таймауты","hw-11/tests/waits.spec.js","",""
"","2376","Проверка работы Shadow DOM","webkit","2026-10-01","passed","2026-10-01","Пробиваем Shadow DOM","hw-10/tests/shadow.spec.js","",""
"","588","add to cart saudemo","pixel5","2026-10-01","passed","2026-10-01","Задача 1. Базовый Page Object and Задача 2. Компонентный подход","hw-12/tests/login_pom.spec.js","",""
"","11967","Проверка работы календаря","firefox","2026-10-01","passed","2026-10-01","Календари / Date Picker","hw-10/tests/calendar.spec.js","",""
"","15808","Проверка работы ожиданий","chromium","2026-10-01","passed","2026-10-01","Задача 1. Кастомные таймауты","hw-11/tests/waits.spec.js","",""
"","643","Проверка работы Shadow DOM","pixel5","2026-10-01","passed","2026-10-01","Пробиваем Shadow DOM","hw-10/tests/shadow.spec.js","",""
"","2146","Задание 1: Тест логина для пользователя: locked_out_user","firefox","2026-10-01","passed","2026-10-01","hw-13","hw-13/tests/login_ddt.spec.js","",""
"","559","login saudemo","chromium","2026-10-01","passed","2026-10-01","Задача 1. Базовый Page Object and Задача 2. Компонентный подход","hw-12/tests/login_pom.spec.js","",""
"","4260","Проверка выбора чекбоксов","firefox","2026-10-01","passed","2026-10-01","DemoQA","hw-09/tests/navigation.spec.js","",""
"","572","with fixtures","chromium","2026-10-01","passed","2026-10-01","","hw-12/tests/login_fixtures.spec.js","",""
"","679","Проверка содержимого строки","pixel5","2026-10-01","passed","2026-10-01","Охота в Web-таблицах","hw-10/tests/tables.spec.js","",""
"","608","add to cart saudemo","chromium","2026-10-01","passed","2026-10-01","Задача 1. Базовый Page Object and Задача 2. Компонентный подход","hw-12/tests/login_pom.spec.js","",""
"","2099","Проверка выбора чекбоксов","chromium","2026-10-01","passed","2026-10-01","DemoQA","hw-09/tests/navigation.spec.js","",""
"","1","Задание 2: Проверка функции getFormattedDate()","pixel5","2026-10-01","passed","2026-10-01","hw-13","hw-13/tests/login_ddt.spec.js","",""
"","1955","модальные окна","chromium","2026-10-01","passed","2026-10-01","Задача 3. Работа со сложным UI","hw-12/tests/popup_test.spec.js","",""
"","3039","has title","webkit","2026-10-01","passed","2026-10-01","DemoQA","hw-09/tests/navigation.spec.js","",""
"","2137","Проверка работы iframe","chromium","2026-10-01","passed","2026-10-01","Внедрение в iFrame","hw-10/tests/iframe.spec.js","",""
"","431","Задание 1: Тест логина для пользователя:","chromium","2026-10-01","passed","2026-10-01","hw-13","hw-13/tests/login_ddt.spec.js","",""
"","1934","Проверка работы радио-баттона","chromium","2026-10-01","passed","2026-10-01","Радио-баттоны и классические Dropdown","hw-10/tests/complex.spec.js","",""
"","460","Задание 1: Тест логина для пользователя: locked_out_user","chromium","2026-10-01","passed","2026-10-01","hw-13","hw-13/tests/login_ddt.spec.js","",""
"","992","add to cart saudemo","firefox","2026-10-01","passed","2026-10-01","Задача 1. Базовый Page Object and Задача 2. Компонентный подход","hw-12/tests/login_pom.spec.js","",""
"","4113","Проверка работы календаря","webkit","2026-10-01","passed","2026-10-01","Календари / Date Picker","hw-10/tests/calendar.spec.js","",""
"","785","Задание 2: Тест логина для пользователя 01-10-2026","firefox","2026-10-01","passed","2026-10-01","hw-13","hw-13/tests/login_ddt.spec.js","",""
"","1608","Проверка работы календаря","chromium","2026-10-01","passed","2026-10-01","Календари / Date Picker","hw-10/tests/calendar.spec.js","",""
"","1803","with fixtures","pixel5","2026-10-01","passed","2026-10-01","","hw-12/tests/login_fixtures.spec.js","",""
"","3812","модальные окна","webkit","2026-10-01","passed","2026-10-01","Задача 3. Работа со сложным UI","hw-12/tests/popup_test.spec.js","",""
"","2","Задание 2: Проверка функции getFormattedDate()","webkit","2026-10-01","passed","2026-10-01","hw-13","hw-13/tests/login_ddt.spec.js","",""
"","1282","Проверка работы радио-баттона","pixel5","2026-10-01","passed","2026-10-01","Радио-баттоны и классические Dropdown","hw-10/tests/complex.spec.js","",""
"","790","Логин с успешным результатом","chromium","2026-10-01","passed","2026-10-01","Работа с saucedemo","hw-09/tests/auth.spec.js","",""
"","1644","Задание 1: Тест логина для пользователя:","webkit","2026-10-01","passed","2026-10-01","hw-13","hw-13/tests/login_ddt.spec.js","",""
"","635","login saudemo","pixel5","2026-10-01","passed","2026-10-01","Задача 1. Базовый Page Object and Задача 2. Компонентный подход","hw-12/tests/login_pom.spec.js","",""
